{"autoencoder": 2.877784013748169, "adversarial_supervised": 0.008781029842793941, "discriminator": 1.9647449254989624, "generator_u": 1.2611790895462036, "generator_u_e": 1.1891621351242065, "generator_v": 0.02217748947441578, "generator_s": 0.04037095606327057, "generator": 8.705185890197754, "embedder": 0.024648195132613182}