{"total_loss": 2.7307002544403076, "reconstruction_loss": 2.7307002544403076, "kl_loss": 3.9776249849410306e-08}