{"total_loss": 159.0849609375, "reconstruction_loss": 159.0849609375, "kl_loss": 1.2512592775237863e-06}