{"autoencoder": 2.5338683128356934, "adversarial_supervised": 0.011303395964205265, "discriminator": 1.9387999773025513, "generator_u": 1.0400242805480957, "generator_u_e": 1.01737642288208, "generator_v": 0.09569844603538513, "generator_s": 0.018652400001883507, "generator": 13.492485046386719, "embedder": 0.08277121931314468}