{
  "zero_ratio_real": 0.7410521844092619,
  "zero_ratio_synthetic": 0.0,
  "zero_ratio_diff": 0.7410521844092619,
  "wasserstein_distance": 26047.20657814598,
  "kl_divergence": 36.670185836800826,
  "mean_real": 2568.677834320291,
  "mean_synthetic": 35915.36949749934,
  "mean_diff": 33346.69166317905,
  "std_real": 5633.385155113861,
  "std_synthetic": 152.97537980897306,
  "std_diff": 5480.409775304888,
  "skewness_real": 2.8511083803161594,
  "skewness_synthetic": 7.905676349662258,
  "skewness_diff": 5.054567969346099,
  "kurtosis_real": 9.791999353673852,
  "kurtosis_synthetic": 68.66348314376862,
  "kurtosis_diff": 58.871483790094764,
  "autocorr_mae": 0.8853107267879665,
  "quantile_10_diff": 35890.06781518459,
  "quantile_25_diff": 35890.07930248976,
  "quantile_50_diff": 35890.086194872856,
  "quantile_75_diff": 34570.09997963905,
  "quantile_90_diff": 25839.72259157896,
  "quantile_95_diff": 21136.78753042221,
  "quantile_99_diff": 11182.546425879002,
  "mean_quantile_diff": 28628.484262866634,
  "mmd": 0.9024554693167223,
  "ps": 2676.777995680182,
  "ds": 0.0,
  "lps": 2847.036193120192,
  "lds": 0.498
}