{
  "zero_ratio_real": 0.7410521844092619,
  "zero_ratio_synthetic": 0.0035,
  "zero_ratio_diff": 0.737552184409262,
  "wasserstein_distance": 1.164993979911181e+16,
  "kl_divergence": 0.0012062079738129668,
  "mean_real": 2568.677834320291,
  "mean_synthetic": 5416415849018241.0,
  "mean_diff": 5416415849015672.0,
  "std_real": 5633.385155113861,
  "std_synthetic": 2.937485607734925e+17,
  "std_diff": 2.9374856077348685e+17,
  "skewness_real": 2.8511083803161594,
  "skewness_synthetic": 49.18285887755674,
  "skewness_diff": 46.33175049724058,
  "kurtosis_real": 9.791999353673852,
  "kurtosis_synthetic": 6700.017862144913,
  "kurtosis_diff": 6690.22586279124,
  "autocorr_mae": 0.0886032609205807,
  "quantile_10_diff": 17801.733203125,
  "quantile_25_diff": 7643.0960693359375,
  "quantile_50_diff": 6149.48388671875,
  "quantile_75_diff": 28394.27685546875,
  "quantile_90_diff": 40376728.20000049,
  "quantile_95_diff": 5911702892.199978,
  "quantile_99_diff": 155404127704762.22,
  "mean_quantile_diff": 22201439977767.316,
  "mmd": 0.00203,
  "ps": 2788.0468051128387,
  "ds": 0.0,
  "lps": 2847.0968376962887,
  "lds": 0.49724999999999997
}