{
  "zero_ratio_real": 0.7410521844092619,
  "zero_ratio_synthetic": 0.0,
  "zero_ratio_diff": 0.7410521844092619,
  "wasserstein_distance": 9417.830855109887,
  "kl_divergence": 31.0286057645569,
  "mean_real": 2568.677834320291,
  "mean_synthetic": 503.1125700525374,
  "mean_diff": 2065.5652642677533,
  "std_real": 5633.385155113861,
  "std_synthetic": 268.19192011463485,
  "std_diff": 5365.193234999227,
  "skewness_real": 2.8511083803161594,
  "skewness_synthetic": 18.94425421264019,
  "skewness_diff": 16.09314583232403,
  "kurtosis_real": 9.791999353673852,
  "kurtosis_synthetic": 357.8525553966547,
  "kurtosis_diff": 348.0605560429808,
  "autocorr_mae": 0.6429609686200775,
  "quantile_10_diff": 488.2541847601533,
  "quantile_25_diff": 488.2541847601533,
  "quantile_50_diff": 488.2541847601533,
  "quantile_75_diff": 831.7451138049364,
  "quantile_90_diff": 9562.638643369079,
  "quantile_95_diff": 14302.393953338265,
  "quantile_99_diff": 25149.185073405504,
  "mean_quantile_diff": 7330.1036197426065,
  "mmd": 0.8978924502574122,
  "ps": 2570.4118774371573,
  "ds": 0.5,
  "lps": 2847.0508430695245,
  "lds": 0.4685
}