{
  "zero_ratio_real": 0.7410521844092619,
  "zero_ratio_synthetic": 0.0,
  "zero_ratio_diff": 0.7410521844092619,
  "wasserstein_distance": 7100.787906805747,
  "kl_divergence": 2.386750580773489,
  "mean_real": 2568.677834320291,
  "mean_synthetic": 2555.804017732864,
  "mean_diff": 12.873816587426973,
  "std_real": 5633.385155113861,
  "std_synthetic": 2521.395693262938,
  "std_diff": 3111.9894618509234,
  "skewness_real": 2.8511083803161594,
  "skewness_synthetic": 1.5035945732656528,
  "skewness_diff": 1.3475138070505066,
  "kurtosis_real": 9.791999353673852,
  "kurtosis_synthetic": 2.94986109624325,
  "kurtosis_diff": 6.8421382574306016,
  "autocorr_mae": 0.25382687448548796,
  "quantile_10_diff": 47.58847351074222,
  "quantile_25_diff": 620.962890625,
  "quantile_50_diff": 1814.1072998046875,
  "quantile_75_diff": 2494.1947021484375,
  "quantile_90_diff": 4030.5287109375004,
  "quantile_95_diff": 7251.235937500003,
  "quantile_99_diff": 14758.08568359378,
  "mean_quantile_diff": 4430.957671160021,
  "mmd": 0.002,
  "ps": 2577.5867372644057,
  "ds": 0.0,
  "lps": 2847.165619564589,
  "lds": 0.41574999999999995
}