{
  "zero_ratio_real": 0.7410521844092619,
  "zero_ratio_synthetic": 0.9999991780821917,
  "zero_ratio_diff": 0.25894699367292984,
  "wasserstein_distance": 9919.472113711143,
  "kl_divergence": 20.165587046527097,
  "mean_real": 2568.677834320291,
  "mean_synthetic": 1.656820676098131e-07,
  "mean_diff": 2568.6778341546087,
  "std_real": 5633.385155113861,
  "std_synthetic": 0.0002469266049202689,
  "std_diff": 5633.384908187257,
  "skewness_real": 2.8511083803161594,
  "skewness_synthetic": 1791.8718969938834,
  "skewness_diff": 1789.0207886135672,
  "kurtosis_real": 9.791999353673852,
  "kurtosis_synthetic": 3320988.577537631,
  "kurtosis_diff": 3320978.7855382776,
  "autocorr_mae": 0.11714876675678643,
  "quantile_10_diff": 0.0,
  "quantile_25_diff": 0.0,
  "quantile_50_diff": 0.0,
  "quantile_75_diff": 1320.0,
  "quantile_90_diff": 10051.0,
  "quantile_95_diff": 14791.0,
  "quantile_99_diff": 25638.0,
  "mean_quantile_diff": 7400.0,
  "mmd": 1.001,
  "ps": 2847.050832629651,
  "ds": 0.0,
  "lps": 2846.9956376143664,
  "lds": 0.5
}