{
  "zero_ratio_real": 0.7410521844092619,
  "zero_ratio_synthetic": 0.0,
  "zero_ratio_diff": 0.7410521844092619,
  "wasserstein_distance": 9919.65473732304,
  "kl_divergence": 34.74740312288618,
  "mean_real": 2568.677834320291,
  "mean_synthetic": 0.01895623704789809,
  "mean_diff": 2568.658878083243,
  "std_real": 5633.385155113861,
  "std_synthetic": 0.020843078575798177,
  "std_diff": 5633.364312035285,
  "skewness_real": 2.8511083803161594,
  "skewness_synthetic": 14.119136180070358,
  "skewness_diff": 11.268027799754199,
  "kurtosis_real": 9.791999353673852,
  "kurtosis_synthetic": 213.60878296703555,
  "kurtosis_diff": 203.8167836133617,
  "autocorr_mae": 0.8770495676394516,
  "quantile_10_diff": 0.017095249146223068,
  "quantile_25_diff": 0.017097339034080505,
  "quantile_50_diff": 0.017099834978580475,
  "quantile_75_diff": 1319.9828974194825,
  "quantile_90_diff": 10050.982894273475,
  "quantile_95_diff": 14790.98288857378,
  "quantile_99_diff": 25637.947937227786,
  "mean_quantile_diff": 7399.992558559669,
  "mmd": 1.00099999054393,
  "ps": 2676.8604565851197,
  "ds": 0.2762606376222533,
  "lps": 2847.161214167354,
  "lds": 0.5
}