{
  "zero_ratio_real": 0.7410521844092619,
  "zero_ratio_synthetic": 1.0,
  "zero_ratio_diff": 0.2589478155907381,
  "mean_real": 2568.677834320291,
  "mean_synthetic": 0.0,
  "mean_diff": 2568.677834320291,
  "std_real": 5633.385155113861,
  "std_synthetic": 0.0,
  "std_diff": 5633.385155113861,
  "skewness_real": 2.8511083803161594,
  "skewness_synthetic": NaN,
  "skewness_diff": NaN,
  "kurtosis_real": 9.791999353673852,
  "kurtosis_synthetic": NaN,
  "kurtosis_diff": NaN,
  "autocorr_mae": NaN,
  "quantile_10_diff": 0.0,
  "quantile_25_diff": 0.0,
  "quantile_50_diff": 0.0,
  "quantile_75_diff": 1320.0,
  "quantile_90_diff": 10051.0,
  "quantile_95_diff": 14791.0,
  "quantile_99_diff": 25638.0,
  "mean_quantile_diff": 7400.0,
  "mmd": 1.001,
  "ps": 2676.8205082909194,
  "ds": 0.0,
  "lps": 2847.018948439213,
  "lds": 0.5
}