{
  "zero_ratio_real": 0.7410521844092619,
  "zero_ratio_synthetic": 0.0,
  "zero_ratio_diff": 0.7410521844092619,
  "wasserstein_distance": 7167.6249715229515,
  "kl_divergence": 2.085599945308576,
  "mean_real": 2568.677834320291,
  "mean_synthetic": 2548.9379021738155,
  "mean_diff": 19.73993214647544,
  "std_real": 5633.385155113861,
  "std_synthetic": 2448.0838183962355,
  "std_diff": 3185.301336717626,
  "skewness_real": 2.8511083803161594,
  "skewness_synthetic": 1.764409937475488,
  "skewness_diff": 1.0866984428406714,
  "kurtosis_real": 9.791999353673852,
  "kurtosis_synthetic": 4.6882657598916975,
  "kurtosis_diff": 5.103733593782154,
  "autocorr_mae": 0.1335541821828174,
  "quantile_10_diff": 193.72213745117188,
  "quantile_25_diff": 736.7757263183594,
  "quantile_50_diff": 1892.2379150390625,
  "quantile_75_diff": 2295.7174072265625,
  "quantile_90_diff": 4288.99169921875,
  "quantile_95_diff": 7479.471582031252,
  "quantile_99_diff": 14506.597675781262,
  "mean_quantile_diff": 4484.7877347237745,
  "mmd": 0.020521967872817577,
  "ps": 2577.653437857278,
  "ds": 0.2673854143147437,
  "lps": 2847.0747505071363,
  "lds": 0.4
}