{
  "zero_ratio_real": 0.7410521844092619,
  "zero_ratio_synthetic": 6.186298524165693e-08,
  "zero_ratio_diff": 0.7410521225462766,
  "wasserstein_distance": 7321.631660090247,
  "kl_divergence": 3.4717913505334743,
  "mean_real": 2568.677834320291,
  "mean_synthetic": 2564.019913996809,
  "mean_diff": 4.657920323481903,
  "std_real": 5633.385155113861,
  "std_synthetic": 2344.9988561832183,
  "std_diff": 3288.386298930643,
  "skewness_real": 2.8511083803161594,
  "skewness_synthetic": 1.450677748868602,
  "skewness_diff": 1.4004306314475574,
  "kurtosis_real": 9.791999353673852,
  "kurtosis_synthetic": 2.597532704630657,
  "kurtosis_diff": 7.1944666490431946,
  "autocorr_mae": 0.13267377992781604,
  "quantile_10_diff": 155.975277709961,
  "quantile_25_diff": 830.7389526367188,
  "quantile_50_diff": 1937.6798095703125,
  "quantile_75_diff": 2322.4154052734375,
  "quantile_90_diff": 4196.816015625001,
  "quantile_95_diff": 7510.556396484378,
  "quantile_99_diff": 15379.886582031259,
  "mean_quantile_diff": 4619.152634190153,
  "mmd": 0.0020077907268552754,
  "ps": 2577.523978947742,
  "ds": 0.0,
  "lps": 2847.1720508967005,
  "lds": 0.46799999999999997
}