{
  "zero_ratio_real": 0.7410521844092619,
  "zero_ratio_synthetic": 0.7028032328767123,
  "zero_ratio_diff": 0.03824895153254959,
  "wasserstein_distance": 13524.903372073139,
  "kl_divergence": 0.8672381014988257,
  "mean_real": 2568.677834320291,
  "mean_synthetic": 6967.65251047897,
  "mean_diff": 4398.974676158679,
  "std_real": 5633.385155113861,
  "std_synthetic": 13622.663064264976,
  "std_diff": 7989.277909151115,
  "skewness_real": 2.8511083803161594,
  "skewness_synthetic": 2.3448609209108744,
  "skewness_diff": 0.506247459405285,
  "kurtosis_real": 9.791999353673852,
  "kurtosis_synthetic": 5.634968205158181,
  "kurtosis_diff": 4.157031148515671,
  "autocorr_mae": 0.06222249617328542,
  "quantile_10_diff": 0.0,
  "quantile_25_diff": 0.0,
  "quantile_50_diff": 0.0,
  "quantile_75_diff": 8302.69921875,
  "quantile_90_diff": 15838.265429687493,
  "quantile_95_diff": 22830.77734375,
  "quantile_99_diff": 35124.12964843762,
  "mean_quantile_diff": 11727.981662946446,
  "mmd": 0.002,
  "ps": 2570.2992122405053,
  "ds": 0.0,
  "lps": 2153.2536456515595,
  "lds": 0.00024999999999997247
}