{
  "zero_ratio_real": 0.7410521844092619,
  "zero_ratio_synthetic": 0.7084295890410959,
  "zero_ratio_diff": 0.03262259536816603,
  "wasserstein_distance": 2257.3296612168415,
  "kl_divergence": 0.14175460025201797,
  "mean_real": 2568.677834320291,
  "mean_synthetic": 3437.0597266493533,
  "mean_diff": 868.3818923290623,
  "std_real": 5633.385155113861,
  "std_synthetic": 6783.873997303934,
  "std_diff": 1150.4888421900723,
  "skewness_real": 2.8511083803161594,
  "skewness_synthetic": 3.3006763733802997,
  "skewness_diff": 0.4495679930641403,
  "kurtosis_real": 9.791999353673852,
  "kurtosis_synthetic": 21.799997371113655,
  "kurtosis_diff": 12.007998017439803,
  "autocorr_mae": 0.09872247243542123,
  "quantile_10_diff": 0.0,
  "quantile_25_diff": 0.0,
  "quantile_50_diff": 0.0,
  "quantile_75_diff": 3832.41357421875,
  "quantile_90_diff": 3478.8583984375,
  "quantile_95_diff": 2177.36328125,
  "quantile_99_diff": 2168.3554101562404,
  "mean_quantile_diff": 1665.2843805803557,
  "mmd": 0.002,
  "ps": 2570.297707471414,
  "ds": 0.003505385084332402,
  "lps": 2153.350787315792,
  "lds": 0.24750000000000005
}