{
  "zero_ratio_real": 0.5921944315899667,
  "zero_ratio_synthetic": 1.0,
  "zero_ratio_diff": 0.40780556841003335,
  "mean_real": 1.310631466863153,
  "mean_synthetic": 0.0,
  "mean_diff": 1.310631466863153,
  "std_real": 3.6336956717358917,
  "std_synthetic": 0.0,
  "std_diff": 3.6336956717358917,
  "skewness_real": 11.503374271991728,
  "skewness_synthetic": NaN,
  "skewness_diff": NaN,
  "kurtosis_real": 284.5672229888065,
  "kurtosis_synthetic": NaN,
  "kurtosis_diff": NaN,
  "autocorr_mae": NaN,
  "quantile_10_diff": 0.0,
  "quantile_25_diff": 0.0,
  "quantile_50_diff": 0.0,
  "quantile_75_diff": 1.0,
  "quantile_90_diff": 3.0,
  "quantile_95_diff": 6.0,
  "quantile_99_diff": 15.0,
  "mean_quantile_diff": 3.5714285714285716,
  "mmd": 0.9996841544454528,
  "ps": 1.3681371579219783,
  "ds": 0.0,
  "lps": 1.3883863178162397,
  "lds": 0.34325000000000006
}