{
  "zero_ratio_real": 0.5921944315899667,
  "zero_ratio_synthetic": 0.0,
  "zero_ratio_diff": 0.5921944315899667,
  "wasserstein_distance": 207.25246454671864,
  "kl_divergence": 0.010001133489074969,
  "mean_real": 1.310631466863153,
  "mean_synthetic": 201.07902850778464,
  "mean_diff": 199.76839704092149,
  "std_real": 3.6336956717358917,
  "std_synthetic": 713.5190993754436,
  "std_diff": 709.8854037037078,
  "skewness_real": 11.503374271991728,
  "skewness_synthetic": 25.54794508899972,
  "skewness_diff": 14.044570817007994,
  "kurtosis_real": 284.5672229888065,
  "kurtosis_synthetic": 1370.2196905618375,
  "kurtosis_diff": 1085.6524675730311,
  "autocorr_mae": 0.3242558380423306,
  "quantile_10_diff": 7.326668453216553,
  "quantile_25_diff": 24.732183933258057,
  "quantile_50_diff": 72.59514999389648,
  "quantile_75_diff": 151.05075454711914,
  "quantile_90_diff": 413.3268280029298,
  "quantile_95_diff": 730.370260620117,
  "quantile_99_diff": 2158.6756079101547,
  "mean_quantile_diff": 508.2967790658131,
  "mmd": 0.002000000001083233,
  "ps": 1.3591113301992417,
  "ds": 0.324,
  "lps": 1.1979373853513882,
  "lds": 0.48275
}