{
  "zero_ratio_real": 0.5921944315899667,
  "zero_ratio_synthetic": 0.0,
  "zero_ratio_diff": 0.5921944315899667,
  "wasserstein_distance": 2.3959233332144856,
  "kl_divergence": 0.974089741824178,
  "mean_real": 1.310631466863153,
  "mean_synthetic": 0.8179402537225122,
  "mean_diff": 0.4926912131406407,
  "std_real": 3.6336956717358917,
  "std_synthetic": 0.41008442174371473,
  "std_diff": 3.223611249992177,
  "skewness_real": 11.503374271991728,
  "skewness_synthetic": 18.989708645012943,
  "skewness_diff": 7.486334373021215,
  "kurtosis_real": 284.5672229888065,
  "kurtosis_synthetic": 359.0541683549295,
  "kurtosis_diff": 74.486945366123,
  "autocorr_mae": 0.40529939964620637,
  "quantile_10_diff": 0.795090215979144,
  "quantile_25_diff": 0.795090215979144,
  "quantile_50_diff": 0.7950906222686172,
  "quantile_75_diff": 0.2048443714156747,
  "quantile_90_diff": 2.2034907774068415,
  "quantile_95_diff": 5.200960406567901,
  "quantile_99_diff": 14.189320781966671,
  "mean_quantile_diff": 3.4548410559405704,
  "mmd": 1.0009996171828304,
  "ps": 1.4381905230567977,
  "ds": 0.15890455887176125,
  "lps": 1.4820478628190326,
  "lds": 0.33075
}