{
  "zero_ratio_real": 0.5921944315899667,
  "zero_ratio_synthetic": 0.0,
  "zero_ratio_diff": 0.5921944315899667,
  "wasserstein_distance": 1.8550550927735436,
  "kl_divergence": 3.4875746805017953,
  "mean_real": 1.310631466863153,
  "mean_synthetic": 1.8049251089791123,
  "mean_diff": 0.4942936421159594,
  "std_real": 3.6336956717358917,
  "std_synthetic": 0.33899663096983496,
  "std_diff": 3.294699040766057,
  "skewness_real": 11.503374271991728,
  "skewness_synthetic": 0.03279210704598874,
  "skewness_diff": 11.47058216494574,
  "kurtosis_real": 284.5672229888065,
  "kurtosis_synthetic": 1.2384944345066415,
  "kurtosis_diff": 283.32872855429986,
  "autocorr_mae": 0.2956322441472431,
  "quantile_10_diff": 1.403045892715454,
  "quantile_25_diff": 1.5577298402786255,
  "quantile_50_diff": 1.758457899093628,
  "quantile_75_diff": 1.057584524154663,
  "quantile_90_diff": 0.697047233581543,
  "quantile_95_diff": 3.601135492324829,
  "quantile_99_diff": 12.428815364837646,
  "mean_quantile_diff": 3.214830892426627,
  "mmd": 1.0010007379811392,
  "ps": 1.3915242461300918,
  "ds": 0.009746766259792317,
  "lps": 1.4688895346680835,
  "lds": 0.4475
}