{
  "zero_ratio_real": 0.5921944315899667,
  "zero_ratio_synthetic": 0.0,
  "zero_ratio_diff": 0.5921944315899667,
  "wasserstein_distance": 2.573973190792012,
  "kl_divergence": 2.701459229956844,
  "mean_real": 1.310631466863153,
  "mean_synthetic": 0.6398903961449861,
  "mean_diff": 0.6707410707181668,
  "std_real": 3.6336956717358917,
  "std_synthetic": 0.20002513011628953,
  "std_diff": 3.4336705416196023,
  "skewness_real": 11.503374271991728,
  "skewness_synthetic": 0.5950230345989346,
  "skewness_diff": 10.908351237392793,
  "kurtosis_real": 284.5672229888065,
  "kurtosis_synthetic": -0.9084997867718605,
  "kurtosis_diff": 285.4757227755784,
  "autocorr_mae": 0.34760878151277697,
  "quantile_10_diff": 0.4166069239377975,
  "quantile_25_diff": 0.4751066118478775,
  "quantile_50_diff": 0.5854974389076233,
  "quantile_75_diff": 0.21804404258728027,
  "quantile_90_diff": 2.0,
  "quantile_95_diff": 5.0,
  "quantile_99_diff": 14.0,
  "mean_quantile_diff": 3.24217928818294,
  "mmd": 0.019255063067457622,
  "ps": 1.6181577770590783,
  "ds": 0.0,
  "lps": 1.6092029588895134,
  "lds": 0.10024999999999995
}