{
  "zero_ratio_real": 0.5921944315899667,
  "zero_ratio_synthetic": 0.0,
  "zero_ratio_diff": 0.5921944315899667,
  "wasserstein_distance": 3.1978798092794025,
  "kl_divergence": 3.4757904000739863,
  "mean_real": 1.310631466863153,
  "mean_synthetic": 0.015983777657596315,
  "mean_diff": 1.2946476892055565,
  "std_real": 3.6336956717358917,
  "std_synthetic": 0.017648973166255657,
  "std_diff": 3.6160466985696362,
  "skewness_real": 11.503374271991728,
  "skewness_synthetic": 15.344310809705942,
  "skewness_diff": 3.8409365377142137,
  "kurtosis_real": 284.5672229888065,
  "kurtosis_synthetic": 250.70696322671935,
  "kurtosis_diff": 33.86025976208717,
  "autocorr_mae": 0.8958523919704746,
  "quantile_10_diff": 0.014529808424413204,
  "quantile_25_diff": 0.014530396088957787,
  "quantile_50_diff": 0.014531112276017666,
  "quantile_75_diff": 0.9854680811986327,
  "quantile_90_diff": 2.9854670632630587,
  "quantile_95_diff": 5.985453932546079,
  "quantile_99_diff": 14.964755214750767,
  "mean_quantile_diff": 3.5663908012211323,
  "mmd": 1.0009985211012131,
  "ps": 1.3736940625347576,
  "ds": 0.009325681492108995,
  "lps": 1.34311170232013,
  "lds": 0.36824999999999997
}