{
  "zero_ratio_real": 0.5921944315899667,
  "zero_ratio_synthetic": 0.7358942073978892,
  "zero_ratio_diff": 0.1436997758079226,
  "wasserstein_distance": 3.2138635865325136,
  "kl_divergence": 3.342582285674494,
  "mean_real": 1.310631466863153,
  "mean_synthetic": 1.068266968806378e-10,
  "mean_diff": 1.3106314667563261,
  "std_real": 3.6336956717358917,
  "std_synthetic": 6.416970245934675e-08,
  "std_diff": 3.6336956075661893,
  "skewness_real": 11.503374271991728,
  "skewness_synthetic": 1886.5270972723317,
  "skewness_diff": 1875.02372300034,
  "kurtosis_real": 284.5672229888065,
  "kurtosis_synthetic": 4257297.249647343,
  "kurtosis_diff": 4257012.682424353,
  "autocorr_mae": 0.13830759870482767,
  "quantile_10_diff": 0.0,
  "quantile_25_diff": 0.0,
  "quantile_50_diff": 0.0,
  "quantile_75_diff": 1.0,
  "quantile_90_diff": 3.0,
  "quantile_95_diff": 6.0,
  "quantile_99_diff": 15.0,
  "mean_quantile_diff": 3.5714285714285716,
  "mmd": 0.9968998496047332,
  "ps": 1.3561014602160544,
  "ds": 0.0,
  "lps": 1.3438558658299737,
  "lds": 0.38849999999999996
}