{
  "zero_ratio_real": 0.5921944315899667,
  "zero_ratio_synthetic": 0.0,
  "zero_ratio_diff": 0.5921944315899667,
  "wasserstein_distance": 1.8853438138859846,
  "kl_divergence": 2.782540920251452,
  "mean_real": 1.310631466863153,
  "mean_synthetic": 1.6698005059659584,
  "mean_diff": 0.3591690391028055,
  "std_real": 3.6336956717358917,
  "std_synthetic": 0.3194339266029407,
  "std_diff": 3.314261745132951,
  "skewness_real": 11.503374271991728,
  "skewness_synthetic": 0.04835348473888804,
  "skewness_diff": 11.45502078725284,
  "kurtosis_real": 284.5672229888065,
  "kurtosis_synthetic": 1.109268054062749,
  "kurtosis_diff": 283.4579549347438,
  "autocorr_mae": 0.2885506739070357,
  "quantile_10_diff": 1.285871982574463,
  "quantile_25_diff": 1.4355980157852173,
  "quantile_50_diff": 1.6285697221755981,
  "quantile_75_diff": 0.9094235897064209,
  "quantile_90_diff": 0.8587048053741455,
  "quantile_95_diff": 3.7719674110412598,
  "quantile_99_diff": 12.613938093185425,
  "mean_quantile_diff": 3.214867659977504,
  "mmd": 1.0010000000001074,
  "ps": 1.4404202022247874,
  "ds": 0.0,
  "lps": 1.466692514417749,
  "lds": 0.494
}