{
  "zero_ratio_real": 0.5921944315899667,
  "zero_ratio_synthetic": 0.0,
  "zero_ratio_diff": 0.5921944315899667,
  "wasserstein_distance": 1.8853438138859846,
  "kl_divergence": 2.782540920251452,
  "mean_real": 1.310631466863153,
  "mean_synthetic": 1.6698005072723616,
  "mean_diff": 0.3591690404092087,
  "std_real": 3.6336956717358917,
  "std_synthetic": 0.3194339270604426,
  "std_diff": 3.314261744675449,
  "skewness_real": 11.503374271991728,
  "skewness_synthetic": 0.048353492537285714,
  "skewness_diff": 11.455020779454442,
  "kurtosis_real": 284.5672229888065,
  "kurtosis_synthetic": 1.1092680558485988,
  "kurtosis_diff": 283.45795493295793,
  "autocorr_mae": 0.28855067605564344,
  "quantile_10_diff": 1.285871982574463,
  "quantile_25_diff": 1.4355980157852173,
  "quantile_50_diff": 1.6285697221755981,
  "quantile_75_diff": 0.9094235897064209,
  "quantile_90_diff": 0.8587048053741455,
  "quantile_95_diff": 3.771967649459839,
  "quantile_99_diff": 12.613938093185425,
  "mean_quantile_diff": 3.2148676940373013,
  "mmd": 1.001000000007175,
  "ps": 1.385072439026022,
  "ds": 0.0,
  "lps": 1.4591579317347654,
  "lds": 0.38449999999999995
}