{
  "zero_ratio_real": 0.5921944315899667,
  "zero_ratio_synthetic": 0.5782726940639269,
  "zero_ratio_diff": 0.013921737526039757,
  "wasserstein_distance": 1.736179723616892,
  "kl_divergence": 0.9803412578558696,
  "mean_real": 1.310631466863153,
  "mean_synthetic": 0.6231796347031964,
  "mean_diff": 0.6874518321599565,
  "std_real": 3.6336956717358917,
  "std_synthetic": 0.8752466691923406,
  "std_diff": 2.758449002543551,
  "skewness_real": 11.503374271991728,
  "skewness_synthetic": 1.8668582089337404,
  "skewness_diff": 9.636516063057988,
  "kurtosis_real": 284.5672229888065,
  "kurtosis_synthetic": 7.606561847014085,
  "kurtosis_diff": 276.96066114179246,
  "autocorr_mae": 0.06252450041432245,
  "quantile_10_diff": 0.0,
  "quantile_25_diff": 0.0,
  "quantile_50_diff": 0.0,
  "quantile_75_diff": 0.0,
  "quantile_90_diff": 1.0,
  "quantile_95_diff": 4.0,
  "quantile_99_diff": 12.0,
  "mean_quantile_diff": 2.4285714285714284,
  "mmd": 0.0020000170275188693,
  "ps": 1.431620333858331,
  "ds": 0.0,
  "lps": 1.4078811100165936,
  "lds": 0.126
}