{
  "zero_ratio_real": 0.5921944315899667,
  "zero_ratio_synthetic": 0.5805423744292237,
  "zero_ratio_diff": 0.011652057160742912,
  "wasserstein_distance": 1.5992006499005829,
  "kl_divergence": 0.234628726449483,
  "mean_real": 1.310631466863153,
  "mean_synthetic": 1.6504708675799087,
  "mean_diff": 0.3398394007167558,
  "std_real": 3.6336956717358917,
  "std_synthetic": 2.4779788452041234,
  "std_diff": 1.1557168265317683,
  "skewness_real": 11.503374271991728,
  "skewness_synthetic": 1.8822664019312547,
  "skewness_diff": 9.621107870060474,
  "kurtosis_real": 284.5672229888065,
  "kurtosis_synthetic": 4.585884924831047,
  "kurtosis_diff": 279.9813380639755,
  "autocorr_mae": 0.05600763302443693,
  "quantile_10_diff": 0.0,
  "quantile_25_diff": 0.0,
  "quantile_50_diff": 0.0,
  "quantile_75_diff": 2.0,
  "quantile_90_diff": 2.0,
  "quantile_95_diff": 1.0,
  "quantile_99_diff": 5.0,
  "mean_quantile_diff": 1.4285714285714286,
  "mmd": 0.002000000003040023,
  "ps": 1.3833643158078193,
  "ds": 0.0,
  "lps": 1.4482078990416551,
  "lds": 0.21275
}